visit #,date
1,2026-07-13
2,2026-07-13
3,2026-07-13
4,2026-07-13
5,2026-07-13
6,2026-07-13
7,2026-07-13
8,2026-07-13
9,2026-07-13
10,2026-07-13
11,2026-07-13
12,2026-07-13
13,2026-07-13
14,2026-07-13
15,2026-07-13
16,2026-07-13
17,2026-07-13
18,2026-07-13
19,2026-07-13
20,2026-07-13
21,2026-07-13
22,2026-07-13
23,2026-07-13
24,2026-07-13
25,2026-07-13
26,2026-07-13
27,2026-07-13
28,2026-07-13
29,2026-07-13
30,2026-07-13
31,2026-07-13
32,2026-07-13
33,2026-07-13
34,2026-07-13
35,2026-07-13
36,2026-07-13
37,2026-07-13
38,2026-07-13
39,2026-07-13
40,2026-07-13
41,2026-07-13
42,2026-07-13
43,2026-07-13
44,2026-07-13
45,2026-07-13
46,2026-07-13
47,2026-07-13
48,2026-07-13
49,2026-07-13
50,2026-07-13
51,2026-07-13
52,2026-07-13
53,2026-07-13
54,2026-07-13
55,2026-07-13
56,2026-07-13
57,2026-07-13
58,2026-07-13
59,2026-07-13
60,2026-07-13
61,2026-07-13
62,2026-07-13
63,2026-07-13
64,2026-07-13
65,2026-07-13
66,2026-07-13
67,2026-07-13
68,2026-07-13
69,2026-07-13
70,2026-07-13
71,2026-07-13
72,2026-07-13
73,2026-07-13
74,2026-07-13
75,2026-07-13
76,2026-07-13
77,2026-07-13
78,2026-07-13
79,2026-07-13
80,2026-07-13
81,2026-07-13
82,2026-07-13
83,2026-07-13
84,2026-07-13
85,2026-07-13
86,2026-07-13
87,2026-07-13
88,2026-07-13
89,2026-07-13
90,2026-07-13
91,2026-07-13
92,2026-07-13
93,2026-07-13
94,2026-07-13
95,2026-07-13
96,2026-07-13
97,2026-07-13
98,2026-07-13
99,2026-07-13
100,2026-07-13
101,2026-07-13
102,2026-07-13
103,2026-07-13
104,2026-07-13
105,2026-07-13
106,2026-07-13
107,2026-07-13
108,2026-07-13
109,2026-07-13
110,2026-07-13
111,2026-07-13
112,2026-07-13
113,2026-07-13
114,2026-07-13
115,2026-07-13
116,2026-07-13
117,2026-07-13
118,2026-07-13
119,2026-07-13
120,2026-07-13
121,2026-07-13
122,2026-07-13
123,2026-07-13
124,2026-07-13
125,2026-07-13
126,2026-07-13
127,2026-07-13
128,2026-07-13
129,2026-07-13
130,2026-07-13
131,2026-07-13
132,2026-07-13
133,2026-07-13
134,2026-07-13
135,2026-07-13
136,2026-07-13
137,2026-07-13
138,2026-07-13
139,2026-07-13
140,2026-07-13
141,2026-07-13
142,2026-07-13
143,2026-07-13
144,2026-07-13
145,2026-07-13
146,2026-07-13
147,2026-07-13
148,2026-07-13
149,2026-07-13
150,2026-07-13
151,2026-07-13
152,2026-07-13
153,2026-07-13
154,2026-07-13
155,2026-07-13
156,2026-07-13
157,2026-07-13
158,2026-07-13
159,2026-07-13
160,2026-07-13
161,2026-07-13
162,2026-07-13
163,2026-07-13
164,2026-07-13
165,2026-07-13
166,2026-07-13
167,2026-07-13
168,2026-07-13
169,2026-07-13
170,2026-07-13
171,2026-07-13
172,2026-07-13
173,2026-07-13
174,2026-07-13
175,2026-07-13
176,2026-07-13
177,2026-07-13
178,2026-07-13
179,2026-07-13
180,2026-07-13
181,2026-07-13
182,2026-07-13
183,2026-07-13
184,2026-07-13
185,2026-07-13
186,2026-07-13
187,2026-07-13
188,2026-07-13
189,2026-07-13
190,2026-07-13
191,2026-07-13
192,2026-07-13
193,2026-07-13
194,2026-07-13
195,2026-07-13
196,2026-07-13
197,2026-07-13
198,2026-07-13
199,2026-07-13
200,2026-07-13
201,2026-07-13
202,2026-07-13
203,2026-07-13
204,2026-07-13
205,2026-07-13
206,2026-07-13
207,2026-07-13
208,2026-07-13
209,2026-07-13
210,2026-07-13
211,2026-07-13
212,2026-07-13
213,2026-07-13
214,2026-07-13
215,2026-07-13
216,2026-07-13
217,2026-07-13
218,2026-07-13
219,2026-07-13
220,2026-07-13
221,2026-07-13
222,2026-07-13
223,2026-07-13
224,2026-07-13
225,2026-07-13
226,2026-07-13
227,2026-07-13
228,2026-07-13
229,2026-07-13
230,2026-07-13
231,2026-07-13
232,2026-07-13
233,2026-07-13
234,2026-07-13
235,2026-07-13
236,2026-07-13
237,2026-07-13
238,2026-07-13
239,2026-07-13
240,2026-07-13
241,2026-07-13
242,2026-07-13
243,2026-07-13
244,2026-07-13
245,2026-07-13
246,2026-07-13
247,2026-07-13
248,2026-07-13
249,2026-07-13
250,2026-07-13
251,2026-07-13
252,2026-07-13
253,2026-07-13
254,2026-07-13
255,2026-07-13
256,2026-07-13
257,2026-07-13
258,2026-07-13
259,2026-07-13
260,2026-07-13
261,2026-07-13
262,2026-07-13
263,2026-07-13
264,2026-07-13
265,2026-07-13
266,2026-07-13
267,2026-07-13
268,2026-07-13
269,2026-07-13
270,2026-07-13
271,2026-07-13
272,2026-07-13
273,2026-07-13
274,2026-07-13
275,2026-07-13
276,2026-07-13
277,2026-07-13
278,2026-07-13
279,2026-07-13
280,2026-07-13
281,2026-07-13
282,2026-07-13
283,2026-07-13
284,2026-07-13
285,2026-07-13
286,2026-07-13
287,2026-07-13
288,2026-07-14
289,2026-07-14
290,2026-07-14
291,2026-07-14
